status,current,target,score,secondScore,sourceTitle,reason
skip,2025-02-19 13-00-51.mp4,,0.000,0.000,,no high-confidence title match
skip,A_491__Scream Dream_20251120233633.mp4,,0.579,0.556,,no high-confidence title match
skip,A_Brief_Reunion.wmv,,0.778,0.500,,no high-confidence title match
skip,A_Miss_Browns_Clones.wmv,,0.465,0.432,,no high-confidence title match
skip,A_Shard_of_Revenge.wmv,,0.615,0.611,,no high-confidence title match
skip,A_Sudden_crazy.mp4,,0.595,0.432,,no high-confidence title match
skip,Agent Defeated.mp4,,0.667,0.564,,no high-confidence title match
rename,Althena_mark_of_a_heroineAAAAA.mp4,Athena 3 - Mark of a HeroineAAA.mp4,0.941,0.842,VV#96 – Athena 3: Mark of a Heroine,
rename,Amazon 2 -- An Amazon Amongst UsAAAAA.mp4,The Amazon - An Amazon Amongst UsAAA.mp4,0.900,0.818,VV#111 – The Amazon: An Amazon Amongst Us,
skip,Amazon 2 -- An Amazon Amongst UsAAAAA_20251121233738.mp4,The Amazon - An Amazon Amongst UsAAA.mp4,0.900,0.818,VV#111 – The Amazon: An Amazon Amongst Us,source missing or target exists at execution
rename,Andromeda Beauty and the Beast.mp4,Andromeda - Beauty and the Beast.mp4,1.000,0.909,VV#145 – Andromeda: Beauty and the Beast,
keep,Athena 2 - RRS Factor.mp4,Athena 2 - RRS Factor.mp4,1.000,0.889,VV#89 – Athena 2: RRS Factor,already named
rename,Athena4 dark_amazon.mp4,Athena 4 - Dark Amazon.mp4,0.974,0.844,VV#128 – Athena 4: Dark Amazon,
skip,Athena_Amazon_OnslaughtAAAAAAA.mp4,,0.697,0.612,,no high-confidence title match
skip,bait+and+switch+version+2.mp4,,0.625,0.531,,no high-confidence title match
skip,bait+and+switch.mp4,,0.789,0.514,,no high-confidence title match
skip,Beauty spy strangled I - TEST.mp4,,0.542,0.531,,no high-confidence title match
skip,Beauty spy strangled II - TEST.mp4,,0.535,0.531,,no high-confidence title match
skip,Black Bird 1 - Cry Of Vengeance.mp4,,0.577,0.402,,no high-confidence title match
skip,Black Bird 2 AAAAAAAA.mp4,,0.479,0.421,,no high-confidence title match
skip,Black Bird 3_victory_cry_good.mp4,,0.829,0.718,,no high-confidence title match
skip,Black Bird 4 Solitary Cry.mp4,,0.600,0.546,,no high-confidence title match
skip,Black_canary_good.mp4,,0.514,0.514,,no high-confidence title match
skip,Blackbird_Cry_of_vengeance_AAAAA.mp4,,0.703,0.545,,no high-confidence title match
skip,BluestOne - SupErn0va 32.mp4,,0.488,0.478,,no high-confidence title match
skip,Boobs & Cunts (Alexis Monroe as Wonderous Slut).mp4,,0.440,0.425,,no high-confidence title match
skip,Bountyhuntress_Revenge_S.S.#12.mp4,,0.863,0.863,,ambiguous title match
rename,Call_Of_The_Executioner.avi,SNB-#67 - Call of the Executioner.avi,0.868,0.714,SNB-#67 – Call of the Executioner,
skip,Catwarrior 1.mp4,,0.706,0.688,,no high-confidence title match
rename,Catwarrior 10 - Ensnared VVAAAAAAA.mp4,Catwarrior 10 - EnsnaredAAA.mp4,0.936,0.868,VV#118 – Catwarrior 10: Ensnared,
rename,Catwarrior 12 hard vs dimond.mp4,Catwarrior 12 - Hard As A Diamond.mp4,0.915,0.831,VV#130 – Catwarrior 12: Hard As A Diamond,
skip,Catwarrior 12_HardDiamond.mp4,Catwarrior 12 - Hard As A Diamond.mp4,0.893,0.806,VV#130 – Catwarrior 12: Hard As A Diamond,source missing or target exists at execution
rename,Catwarrior 2 Cat vs Jackal Peril.mp4,Catwarrior 2 - Cat vs. Jackal (Peril).mp4,1.000,0.809,SS#19 – Catwarrior 2: Cat vs. Jackal (Peril),
skip,Catwarrior 3 Extreme_good.mp4,,0.714,0.714,,no high-confidence title match
rename,Catwarrior 4_ Wiplash Encounter.mp4,Catwarrior 4 - Whiplash Encounter.mp4,0.984,0.896,VV#27 – Catwarrior 4: Whiplash Encounter,
skip,Catwarrior 5.mp4,,0.800,0.667,,no high-confidence title match
skip,Catwarrior 6.mp4,,0.800,0.688,,no high-confidence title match
skip,Catwarrior 7 (peril).mp4,,0.756,0.739,,no high-confidence title match
rename,Catwarrior 8 captured kitty`.mp4,Catwarrior 8 - Captured Kitty (Peril).mp4,0.900,0.708,SS#80- Catwarrior 8: Captured Kitty (Peril),
rename,Catwarrior13 Claws_of_the_cat.mp4,Catwarrior 13 - Claws of the Cat.mp4,0.983,0.892,VV#133 – Catwarrior 13: Claws of the Cat,
skip,Catwoman 14_Dark_Assignment.mp4,,0.707,0.624,,no high-confidence title match
skip,Dark Canary 2 Showdown ExtremeAAAAAA.mp4,,0.714,0.557,,no high-confidence title match
skip,Dark Canary showdown.mov,,0.667,0.549,,no high-confidence title match
skip,Dark Canary ShowdownAAAAAA.mp4,,0.667,0.549,,no high-confidence title match
skip,Dark Canary ST version.wmv,,0.613,0.604,,no high-confidence title match
skip,Dark Canary_Showdown.mp4,,0.667,0.549,,no high-confidence title match
rename,Dark Canary_To_Catch_a_Predator.wmv,Dark Canary - To Catch a Predator.wmv,1.000,0.923,VV#5 – Dark Canary: To Catch a Predator,
skip,dark guardian shockwave.mp4,,0.582,0.458,,no high-confidence title match
skip,Dark Widow - The Medusa Agenda.mp4,,1.000,1.000,,ambiguous title match
rename,Dark Widow - Widows Bite.mp4,Dark Widow 3 - Widow's Bite.mp4,0.936,0.830,VV#36 – Dark Widow 3: Widow’s Bite,
skip,Dark Widow.mp4,,0.571,0.571,,no high-confidence title match
skip,Dark Widow_-_The_Medusa_Agenda.wmv,,1.000,1.000,,ambiguous title match
skip,Dark Widow_2_The_Real_Deal.mp4,,0.769,0.741,,no high-confidence title match
rename,Dark_Bat_1.mp4,Dark Bat.mp4,0.889,0.750,VV#113 – Dark Bat,
skip,Dark_Bat_2.mp4,Dark Bat.mp4,0.889,0.750,VV#113 – Dark Bat,source missing or target exists at execution
rename,Dark_Bat_3 Cutting the ribbon of .mp4,Dark Bat 3 - Cutting the Ribbon of Life.mp4,0.933,0.875,VV#119 – Dark Bat 3 – Cutting the Ribbon of Life,
skip,DarkBat Cutting the Ribbon of life.mp4,Dark Bat 3 - Cutting the Ribbon of Life.mp4,0.958,0.883,VV#119 – Dark Bat 3 – Cutting the Ribbon of Life,source missing or target exists at execution
skip,DarkBat.mp4,Dark Bat.mp4,0.933,0.667,VV#113 – Dark Bat,source missing or target exists at execution
skip,Darkwing 1 Flying Solo Extreme.mp4,,0.725,0.633,,no high-confidence title match
skip,Darkwing 1 solo.mp4,,0.686,0.650,,no high-confidence title match
rename,Darkwing 10_Under_Fire_VV.mp4,Darkwing 10 - Under Fire.mp4,0.936,0.868,VV#39 – Darkwing 10: Under Fire,
skip,Darkwing 11 - Dark on Dark Extreme.mp4,,0.889,0.871,,ambiguous title match
rename,Darkwing 11 Dark on Dark (Peril).mp4,Darkwing 11 - Dark on Dark (Peril).mp4,1.000,0.789,SS#52 – Darkwing 11: Dark on Dark (Peril),
rename,Darkwing 12 allies and enemies - peril version.mp4,Darkwing 12 - Allies and Enemies (Peril).mp4,0.923,0.733,SS#54 – Darkwing 12: Allies and Enemies (Peril),
rename,Darkwing 13 Climax Of Evil AAAAA.mp4,Darkwing 13 - Climax of Evil (Peril)AAA.mp4,0.909,0.643,SS#57 – Darkwing 13: Climax of Evil (Peril),
rename,Darkwing 14 Ambushed.mp4,Darkwing 14 - Ambushed.mp4,1.000,0.870,VV#64 – Darkwing 14: Ambushed,
skip,Darkwing 14 Ambushed2.mp4,Darkwing 14 - Ambushed.mp4,0.976,0.851,VV#64 – Darkwing 14: Ambushed,source missing or target exists at execution
rename,Darkwing 15  on the trail of supernovaX.mp4,Darkwing 15 - On The Trail Of Supernova X.mp4,0.987,0.488,VV#65-SS#72 – Darkwing 15: On The Trail Of Supernova X,
skip,Darkwing 15 on the trail of supernova x.mp4,Darkwing 15 - On The Trail Of Supernova X.mp4,1.000,0.479,VV#65-SS#72 – Darkwing 15: On The Trail Of Supernova X,source missing or target exists at execution
rename,Darkwing 16 - Mind Games BAAAAAAAAAAAAAA.mp4,Darkwing 16 - Mind GamesAAA.mp4,0.957,0.885,VV#71 – Darkwing 16: Mind Games,
skip,Darkwing 16 - Mind Games BAAAAAAAAAAAAAA_20251121231923.mp4,Darkwing 16 - Mind GamesAAA.mp4,0.957,0.885,VV#71 – Darkwing 16: Mind Games,source missing or target exists at execution
rename,Darkwing 17 Shade Of DarknessAAAAA.mp4,Darkwing 17 - Shade of DarknessAAA.mp4,1.000,0.667,VV#81 – Darkwing 17: Shade of Darkness,
rename,Darkwing 18 Dark vs Night.mp4,Darkwing 18 - Dark vs. Night (Peril).mp4,0.909,0.694,SS#101 – Darkwing 18: Dark vs. Night (Peril),
rename,Darkwing 19 Contract Kill_AAAAA.mp4,Darkwing 19 - Contract KillAAA.mp4,1.000,0.893,VV#95 – Darkwing 19: Contract Kill,
skip,Darkwing 19 extra.mp4,,0.722,0.714,,no high-confidence title match
skip,Darkwing 1__Flying_Solo.wmv,,0.682,0.667,,no high-confidence title match
skip,Darkwing 2 Darkwing ReturnsAAAAA.mp4,,0.730,0.667,,no high-confidence title match
skip,Darkwing 2 Darkwing ReturnsAAAAAaa.mp4,,0.730,0.667,,no high-confidence title match
skip,Darkwing 2 Darkwing ReturnsAAAAAaa_20251121235232.mp4,,0.730,0.667,,no high-confidence title match
rename,Darkwing 20 Breach of Contract.mp4,Darkwing 20 - Breach of Contract.mp4,1.000,0.655,VV#107 – Darkwing 20: Breach of Contract,
skip,Darkwing 21-VV.mp4,,0.647,0.611,,no high-confidence title match
rename,Darkwing 22 Leave no one behind.mp4,Darkwing 22 - Leave No One Behind.mp4,1.000,0.923,VV#129 – Darkwing 22: Leave No One Behind,
skip,Darkwing 22 Leave_No_One_Behind2.mp4,Darkwing 22 - Leave No One Behind.mp4,0.984,0.899,VV#129 – Darkwing 22: Leave No One Behind,source missing or target exists at execution
skip,Darkwing 22Leave_no_one_behind.mp4,Darkwing 22 - Leave No One Behind.mp4,0.984,0.896,VV#129 – Darkwing 22: Leave No One Behind,source missing or target exists at execution
skip,Darkwing 3_-_Civilian_GuiseAAA.wmv,,0.800,0.638,,no high-confidence title match
skip,Darkwing 3_-_Civilian_GuiseAAA_20251121232838.mp4,,0.800,0.638,,no high-confidence title match
skip,Darkwing 5 Dark Deception (Peril)AAAAA.mp4,,0.754,0.714,,no high-confidence title match
skip,Darkwing 5_-_Dark_Deception.wmv,,0.800,0.694,,no high-confidence title match
skip,Darkwing 8 Takedown (Death Ending)AAAAA.mp4,,0.771,0.627,,no high-confidence title match
skip,Darkwing 8 Takedown Extreme_goodAAAAAA.mp4,,0.738,0.632,,no high-confidence title match
skip,Darkwing 9 Civilian guise.mp4,,0.696,0.638,,no high-confidence title match
rename,Darkwing 9_Defeated_VV.mp4,Darkwing 9 - Defeated.mp4,0.927,0.851,VV#38 – Darkwing 9: Defeated,
rename,Darkwing with_great_power.mp4,Darkwing 21 - With Great Power.mp4,0.943,0.847,VV#121 – Darkwing 21 – With Great Power,
skip,Darkwing25-VV-AAAAAA.mp4,,0.564,0.562,,no high-confidence title match
skip,Darkwing25-VV_2025112123625.mp4,,0.564,0.562,,no high-confidence title match
skip,DarkWondra 1 Collected.mp4,,0.960,0.960,,ambiguous title match
skip,DarkWondra 1.mp4,,0.960,0.960,,ambiguous title match
rename,Darkwondra 2_FRIEND OR FOE.mp4,Dark Wondra 2 - Friend or Foe.mp4,0.981,0.881,VV#54 – Dark Wondra 2: Friend or Foe?,
skip,DarkWondra 3 Power Drain VV#74.mp4,,0.703,0.557,,no high-confidence title match
skip,DarkWondra 4 Extreme.mp4,,0.667,0.667,,no high-confidence title match
rename,DarkWondra 4_Amazon_down.mp4,Dark Wondra 4 - Amazon Down.mp4,0.980,0.873,VV#97 – Dark Wondra 4: Amazon Down,
skip,DarkWondra_victory_or_down_good.mp4,,0.667,0.642,,no high-confidence title match
skip,Evidence_of_the_Crime.wmv,,0.840,0.681,,no high-confidence title match
skip,Fatal_Interruption.avi,,0.837,0.571,,no high-confidence title match
skip,Goldie Blair Shot In The Bathtub.mp4,,0.531,0.531,,no high-confidence title match
skip,Mystery_woman.mp4,,0.765,0.514,,no high-confidence title match
skip,Night Warrior.mp4,,0.571,0.564,,no high-confidence title match
skip,Scotland Yard Gold Cases - Fear Factor.mp4,,0.395,0.376,,no high-confidence title match
rename,Sexy_Spies_13_Password.wmv,Sexy Spies #13 - Password.wmv,1.000,0.588,Sexy Spies #13: Password,
skip,Sexy_Spies_1_The_Visitor.wmv,,0.833,0.717,,no high-confidence title match
skip,Sexy_Spies_2_Double_Cross.wmv,,0.833,0.613,,no high-confidence title match
skip,Sexy_Spies_3_White_Angel.wmv,,0.923,0.923,,ambiguous title match
skip,Sexy_Spies_4_Interrogation_Gone_Bad.wmv,,0.857,0.623,,no high-confidence title match
skip,Sexy_Spies_5_Vengeful_Visitation.wmv,,0.769,0.633,,no high-confidence title match
skip,Sexy_Spies_6_Final_Assignment.wmv,,0.833,0.596,,no high-confidence title match
skip,Sexy_Spies_7_W1nner_Take_All.wmv.mp4,,0.784,0.678,,no high-confidence title match
skip,Sexy_Spies_7_Winner_Take_All.wmv,,0.800,0.727,,no high-confidence title match
skip,Sierra Skye - Boob Zilla #4.mp4,,0.436,0.429,,no high-confidence title match
skip,Sierra Skye - Breast Fed #1.mp4,,0.500,0.480,,no high-confidence title match
skip,Sierra Skye - Cash For Chunkers.mp4,,0.485,0.481,,no high-confidence title match
skip,Sierra Skye - Do Over.mp4,,0.537,0.511,,no high-confidence title match
skip,Sierra Skye - My Sisters Hot Friend.mp4,,0.473,0.464,,no high-confidence title match
skip,Sierra Skye - Naughty Bookworms.mp4,,0.449,0.431,,no high-confidence title match
skip,Sierra Skye - Nurse Kills A Man! Then Fucks Him.mp4,,0.455,0.427,,no high-confidence title match
skip,Sierra Skye - Reach For The Skye.mp4,,0.522,0.500,,no high-confidence title match
skip,Sierra Skye - Solo.mp4,,0.474,0.474,,no high-confidence title match
skip,Sierra Skye - Stood Up Busty Cock Teaser Gets Even.mp4,,0.469,0.454,,no high-confidence title match
skip,Sierra Skye - Super Naturals 10.mp4,,0.479,0.440,,no high-confidence title match
skip,Sierra Skye - The Model And The Photographer PSTAAAAAA.mp4,,0.495,0.486,,no high-confidence title match
skip,Spider Warrior 1 AAAAA.mp4,,0.769,0.536,,no high-confidence title match
rename,Spider Warrior 2 - The Arachnid Assignment perilAAAAA.mp4,Spider-Warrior 2 - The Arachnid Assignment (Peril)AAA.mp4,1.000,0.830,SS#147 – Spider-Warrior 2: The Arachnid Assignment (Peril),
skip,Spider Warrior 2 The Arachnid Assignment extremeAAAAA.mp4,,0.923,0.915,,ambiguous title match
skip,Spider Warrior 2 The Arachnid Assignment extremeAAAAA_20251121231156.mp4,,0.923,0.915,,ambiguous title match
skip,stab belly 9.mp4,,0.444,0.432,,no high-confidence title match
rename,Stellar 2 – Great Responsibility (Peril).mp4,Stellar 2 - Great Responsibility (Peril).mp4,1.000,0.809,SS#130 – Stellar 2 – Great Responsibility (Peril),
rename,Stellar_a_star_is_bornAAAAA.mp4,Stellar - A Star Is BornAAA.mp4,1.000,0.833,VV#120 – Stellar: A Star Is Born,
skip,Super girl electrocution - TEST_good.mp4,,0.551,0.533,,no high-confidence title match
skip,Super girl totured and stabbed many times to death.mp4,,0.434,0.432,,no high-confidence title match
skip,Superheroine Losing FaCEAAAAAAAA.mp4,,0.549,0.538,,no high-confidence title match
skip,Superkick  vs Wonderkick_good.wmv,,0.750,0.421,,no high-confidence title match
skip,Superkick Enter Superkick SS#13_good.mp4,,0.800,0.658,,no high-confidence title match
skip,Supernova - XF.mp4,,0.688,0.647,,no high-confidence title match
skip,Supernova 19 In Darkest Night.mp4,,0.769,0.717,,no high-confidence title match
skip,Supernova 3 - Enter Superkick PerilAAAAAA.mp4,,0.800,0.733,,no high-confidence title match
rename,Supernova 31 Alien Duel.mp4,Supernova 31 - Alien Duel.mp4,1.000,0.889,VV#124 – Supernova 31: Alien Duel,
skip,Supernova 6 Jail Break SS.mp4,,0.677,0.653,,no high-confidence title match
skip,Supernova Alien Duel.mp4,Supernova 31 - Alien Duel.mp4,0.930,0.816,VV#124 – Supernova 31: Alien Duel,source missing or target exists at execution
skip,Supernova Blue wild.mp4,,0.684,0.682,,no high-confidence title match
rename,Supernova dark warrior.mp4,Supernova 8 - Dark Warrior.mp4,0.957,0.846,VV#44 – Supernova 8: Dark Warrior,
rename,Supernova fight night.mp4,Supernova 20 - Fight Night.mp4,0.933,0.824,VV#87 – Supernova 20: Fight Night,
skip,Supernova Fight Night2.mp4,Supernova 20 - Fight Night.mp4,0.913,0.808,VV#87 – Supernova 20: Fight Night,source missing or target exists at execution
rename,Supernova Prime Earthbound.mp4,Supernova Prime - Earthbound.mp4,1.000,0.897,VV#63 – Supernova Prime: Earthbound,
rename,Supernova prime primed for action.mp4,Supernova Prime 5 - Primed For Action.mp4,0.971,0.892,VV#98 – Supernova Prime 5: Primed For Action,
rename,Supernova Prime2 AlienDawn.mp4,Supernova Prime 2 - Alien Dawn.mp4,0.963,0.867,VV#70 – Supernova Prime 2: Alien Dawn,
skip,Supernova Ressurrection (extreme).mp4,,0.806,0.786,,no high-confidence title match
skip,Supernova split personality.mp4,,0.711,0.630,,no high-confidence title match
skip,Supernova Vigilantie Justice (extreme).mp4,,0.831,0.831,,no high-confidence title match
skip,Supernova vs Wondra.mp4,,0.684,0.667,,no high-confidence title match
skip,Supernova+32+VV+extreme.mp4.mp4,,0.653,0.642,,no high-confidence title match
skip,Supernova.mp4,,0.643,0.621,,no high-confidence title match
skip,Supernova1.mp4,,0.667,0.625,,no high-confidence title match
skip,Supernova11.mp4,,0.645,0.606,,no high-confidence title match
skip,Supernova12.mp4,,0.667,0.645,,no high-confidence title match
skip,Supernova13-VV.mp4,,0.667,0.647,,no high-confidence title match
skip,Supernova13.mp4,,0.645,0.606,,no high-confidence title match
skip,Supernova14-VV.mp4,,0.667,0.647,,no high-confidence title match
rename,Supernova15 Doomsayer.mp4,Supernova 15 - Doomsayer.mp4,0.977,0.654,SS#76 – Supernova 15: Doomsayer,
skip,Supernova16.mp4,,0.645,0.611,,no high-confidence title match
skip,Supernova17.mp4,,0.645,0.606,,no high-confidence title match
skip,Supernova17_Split.Personality-F.mp4,,0.750,0.603,,no high-confidence title match
skip,Supernova18 What If VV#84.mp4,,0.844,0.784,,no high-confidence title match
skip,Supernova19.mp4,,0.645,0.606,,no high-confidence title match
skip,Supernova2.mp4,,0.690,0.625,,no high-confidence title match
skip,Supernova20 - XFantazy.mp4,,0.711,0.682,,no high-confidence title match
skip,Supernova20-SS2.wmv,,0.647,0.615,,no high-confidence title match
skip,Supernova21-SS.mp4,,0.667,0.667,,no high-confidence title match
rename,Supernova21_-_Dark_N0va.mp4,Supernova 21 - Dark Nova.mp4,0.930,0.816,VV#88 – Supernova 21: Dark Nova,
skip,Supernova22 Hunted Peril Version.mp4,,0.842,0.646,,no high-confidence title match
skip,Supernova23.mp4,,0.667,0.606,,no high-confidence title match
rename,Supernova25 - No Refuge B.mp4,Supernova 25 - No Refuge.mp4,0.933,0.654,VV#104 – Supernova 25: No Refuge,
skip,Supernova26 extreme.mp4,,0.683,0.636,,no high-confidence title match
skip,Supernova26 extreme2.mp4,,0.667,0.622,,no high-confidence title match
skip,Supernova26 peril.mp4,,0.762,0.711,,no high-confidence title match
skip,Supernova27.mp4,,0.667,0.606,,no high-confidence title match
skip,Supernova3 - Athena Amazon Onslaught_goodAAAA.mp4,,0.562,0.561,,no high-confidence title match
rename,Supernova30AlteredEgoPeril.mp4,Supernova 30 - Altered Ego (Peril).mp4,0.929,0.740,SS#131 – Supernova 30: Altered Ego (Peril),
skip,Supernova32.mp4,,0.667,0.606,,no high-confidence title match
rename,Supernova33 - Dark Fantasy.mp4,Supernova 33 - Dark Fantasy.mp4,0.980,0.696,SS#143 – Supernova 33: Dark Fantasy,
rename,Supernova34 Pr1ze PunIshment_AAAAAAAA.mp4,Supernova 34 - Prize & PunishmentAAA.mp4,0.885,0.806,VV#137 – Supernova 34: Prize & Punishment,
skip,Supernova35 Possibilities.mp4,,0.615,0.596,,no high-confidence title match
skip,Supernova36-ExtraFootage-Big.mp4,,0.691,0.686,,no high-confidence title match
rename,Supernova3_-_Enter_SuperkickAAAAA.wmv,Supernova 3 - Enter SuperkickAAA.wmv,0.981,0.765,SS#13 – Supernova 3: Enter Superkick,
skip,Supernova4_-_Vigilante_Justice.mp4,,0.982,0.982,,ambiguous title match
skip,Supernova6.mkv,,0.621,0.600,,no high-confidence title match
skip,Supernova6_Jail_Break_VV.mp4,,0.656,0.652,,no high-confidence title match
skip,Supernova7 Peril.mp4,,0.732,0.714,,no high-confidence title match
skip,Supernova8.mp4,,0.667,0.621,,no high-confidence title match
skip,Supernova9.mp4,,0.625,0.621,,no high-confidence title match
skip,Supernova_.mp4,,0.643,0.621,,no high-confidence title match
rename,Supernova_1_and_2_combined.mp4,Supernova 1 & 2 combined.mp4,1.000,0.833,VV#14 – Supernova 1 & 2 combined,
skip,Supernova_33.mp4,,0.667,0.645,,no high-confidence title match
skip,Supernova__.mp4,,0.643,0.621,,no high-confidence title match
skip,Supernova_AAAAA.mp4,,0.643,0.621,,no high-confidence title match
skip,SupernovaPrime3-SS.mp4,,0.727,0.711,,no high-confidence title match
rename,SYCC 10 Cover Girl Crisis.mp4,SYCC#10 - Cover Girl Crisis.mp4,1.000,0.558,SYCC#10 – Cover Girl Crisis,
rename,SYCC 9 Bad Breakup.mp4,SYCC#09 - Bad Break-Up.mp4,0.947,0.632,SYCC#09 – Bad Break-Up,
rename,SYCC Agent 006.mp4,SYCC#43 - Agent 006.mp4,0.903,0.516,SYCC#43 – Agent 006,
rename,SYCC Assignment Interrupted.mp4,SYCC#13 - Assignment Interrupted.mp4,0.947,0.533,SYCC#13 – Assignment Interrupted,
rename,SYCC Call_N_for_Murder.mp4,SYCC#55 - Call M For Murder.mp4,0.894,0.652,SYCC#55 – Call M For Murder,
rename,SYCC Dont Answer the door AAAAAA.mp4,SYCC#21 - Don't Answer the DoorAAA.mp4,0.926,0.604,SYCC#21 – Don’t Answer the Door,
skip,SYCC Scotland Yard Sweet Vengeance.mp4,,0.587,0.378,,no high-confidence title match
skip,SYCC Scotland Yard The Hitwoman.mp4,,0.383,0.369,,no high-confidence title match
rename,SYCC u+turn.mp4,SYCC#95 - U-Turn.mp4,0.880,0.621,SYCC#95 – U-Turn,
rename,SYCC_#74 - Downtime.mp4,SYCC#74 - Downtime.mp4,1.000,0.588,SYCC#74 – Downtime,
rename,SYCC_83 - Inspiration.mp4,SYCC#83 - Inspiration.mp4,1.000,0.636,SYCC#83 – Inspiration,
rename,SYCC_87 - Hydeaway.mp4,SYCC#87 - Hydeaway.mp4,1.000,0.667,SYCC#87 – Hydeaway,
skip,SYCC_AAAAA.mp4,,0.500,0.500,,no high-confidence title match
skip,SYCC_blackmail.mp4,,0.622,0.606,,no high-confidence title match
rename,SYCC_Blindsided by fear.mp4,SYCC#50 - Blindsided by Fear.mp4,0.939,0.634,SYCC#50 – Blindsided by Fear,
rename,SYCC_Classified.mp4,SYCC#05 - Classified.mp4,0.909,0.533,SYCC#05 – Classified,
rename,SYCC_Dont make that callAAAAAA.mp4,SYCC#15 - Don't Make That CallAAA.mp4,0.923,0.604,SYCC#15 – Don’t Make That Call,
skip,SYCC_Don’t Answer the DoorAAAA.mp4,SYCC#21 - Don't Answer the DoorAAA.mp4,0.945,0.630,SYCC#21 – Don’t Answer the Door,source missing or target exists at execution
skip,SYCC_Night_work.mp4,,0.857,0.615,,no high-confidence title match
rename,SYCC_Preempted plans.mp4,SYCC#41 - Preempted Plans.mp4,0.930,0.550,SYCC#41 – Preempted Plans,
skip,SYCC_SearchRecovery.mp4,,0.826,0.700,,no high-confidence title match
skip,SYCC_SelfPreservat0n.mp4,,0.844,0.564,,no high-confidence title match
rename,SYCC_The curious detective.mp4,SYCC#61 - The Curious Detective.mp4,0.945,0.622,SYCC#61 – The Curious Detective,
rename,SYCC_The untold story.mp4,SYCC#17 - The Untold Story.mp4,0.933,0.609,SYCC#17 – The Untold Story,
skip,SYCC_TheCuriousDetective.mp4,SYCC#61 - The Curious Detective.mp4,0.906,0.605,SYCC#61 – The Curious Detective,source missing or target exists at execution
skip,TeenBat 1 Baptism Of FireAAAAAA.mp4,,0.544,0.526,,no high-confidence title match
skip,TeenBat 1 Peril Version.mp4,,0.433,0.427,,no high-confidence title match
skip,TeenBat 2_vanquished.mp4,,0.826,0.701,,no high-confidence title match
skip,TeenBat 4 Targeted(1).avi,,0.773,0.694,,no high-confidence title match
skip,TeenBat 7.mp4,,0.443,0.421,,no high-confidence title match
skip,TeenBat 8.mp4,,0.443,0.421,,no high-confidence title match
skip,TeenBat Baptism of fireAAAA.mp4,,0.547,0.531,,no high-confidence title match
skip,TeenBat New kid in Town.mp4,,0.526,0.427,,no high-confidence title match
skip,TeenBat Victim of RRS.mp4,,0.783,0.674,,no high-confidence title match
skip,TeenBat_6.mp4,,0.443,0.421,,no high-confidence title match
skip,Teenbat_On_the_job_training.mp4,,0.797,0.707,,no high-confidence title match
skip,Teenbat_running_the_gauntlet.mp4,,0.799,0.712,,no high-confidence title match
rename,TeenWing Into the BreachAAAAAA.mp4,Teenwing - Into The BreachAAA.mp4,1.000,0.889,VV#108 – Teenwing: Into The Breach,
skip,TeenWing Into the BreachAAAAAA_20251121233241.mp4,Teenwing - Into The BreachAAA.mp4,1.000,0.889,VV#108 – Teenwing: Into The Breach,source missing or target exists at execution
rename,The amazon man`s world_goodAAAAA.mp4,The Amazon - Man's WorldAAA.mp4,1.000,0.909,VV#94 – The Amazon: Man’s World,
skip,The Last Amazon B.mp4,,0.681,0.652,,no high-confidence title match
skip,The visitorAAAAAAA.wmv,,0.545,0.533,,no high-confidence title match
skip,UKSG - Naomi Walker vs RRS.mp4,,0.294,0.279,,no high-confidence title match
skip,UKSG_-_Agent_6_Defeated.wmv,,0.450,0.372,,no high-confidence title match
skip,UKSG_-_Agent_Black_Widow_vs_Agent_X.mp4,,0.388,0.365,,no high-confidence title match
skip,UKSG_-_Agent_Blade_Fights_Back.wmv,,0.294,0.290,,no high-confidence title match
skip,UKSG_-_Agent_Cole_From_Russia_With_Love.wmv,,0.312,0.294,,no high-confidence title match
skip,UKSG_-_Agent_Jade_in_Dreams.wmv,,0.339,0.331,,no high-confidence title match
skip,UKSG_-_Agent_Summers_vs_Agent_X.wmv,,0.299,0.273,,no high-confidence title match
skip,UKSG_-_Amy_Thorn_vs_RRS.wmv,,0.305,0.300,,no high-confidence title match
skip,UKSG_-_Black_Widow_Vs_Gold_Face.wmv,,0.392,0.366,,no high-confidence title match
skip,UKSG_-_Charlotte_Steele_vs_Agent_X.wmv,,0.323,0.309,,no high-confidence title match
skip,UKSG_-_Clone_Agents.wmv,,0.415,0.395,,no high-confidence title match
skip,UKSG_-_Deadly_Grip_of_the_Viper.wmv,,0.358,0.350,,no high-confidence title match
skip,UKSG_-_Detective_Sue_Ryan_and_Copy_Cat_Killer.wmv,,0.373,0.321,,no high-confidence title match
skip,UKSG_-_Enter_Agent_Summers AAAAAAA.mpg,,0.326,0.321,,no high-confidence title match
skip,UKSG_-_Enter_Penelope_Lewis.wmv,,0.312,0.308,,no high-confidence title match
skip,UKSG_-_Enter_Sam_Knight.wmv,,0.321,0.315,,no high-confidence title match
skip,UKSG_-_Jamie_Silver_vs_Agent_X.wmv,,0.360,0.334,,no high-confidence title match
skip,UKSG_-_Naomi_Walker_vs_RRS.wmv,,0.294,0.279,,no high-confidence title match
skip,UKSG_-_RRS_Vengeance.wmv,,0.484,0.428,,no high-confidence title match
skip,UKSG_-_Secret_Agent_Jamie_Silver_vs_Miss_Misery_Version_1.wmv,,0.350,0.294,,no high-confidence title match
skip,UKSG_-_Secret_Agent_Jean_Blade_vs_Agent_X.wmv,,0.309,0.297,,no high-confidence title match
skip,UKSG_-_Secret_Agent_Jean_Blade_vs_Agent_X_Version_2.wmv,,0.338,0.305,,no high-confidence title match
skip,UKSG_-_Secret_Agent_Rachel_Silver_vs_Agent_X.wmv,,0.331,0.321,,no high-confidence title match
skip,UKSG_-_Teen_Bat.wmv,,0.421,0.421,,no high-confidence title match
skip,UKSG_-_The_Dream.wmv,,0.379,0.376,,no high-confidence title match
skip,UKSG_Agent_Joceline_Angel_vs_the_russian_assassin.mpg,,0.292,0.292,,no high-confidence title match
skip,UKSG_Death_of_Agent_Blond.mpeg,,0.360,0.342,,no high-confidence title match
skip,UKSG_Jane_Blade_is_Finally_Defeated.mpg,,0.314,0.303,,no high-confidence title match
skip,UKSG_The_Strangling_Adventures_of_Agent_Charlotte_Steele.mpg,,0.312,0.312,,no high-confidence title match
skip,UKSG_The_Strangling_Adventures_of_Agent_Charlotte_Steele.mpg.mp4,,0.294,0.294,,no high-confidence title match
skip,Ultrawoman 1 The_Secret_Life_and_Death_of_Agent_Steel.wmv,,0.523,0.519,,no high-confidence title match
skip,Ultrawoman 10.mp4,,0.800,0.667,,no high-confidence title match
rename,Ultrawoman 11 The 0rigin Peril.mp4,Ultrawoman 11 - The Origin (Peril).mp4,0.967,0.752,SS#93 – Ultrawoman 11: The Origin (Peril),
rename,Ultrawoman 11 The Origin.avi,Ultrawoman 11 - The Origin.avi,1.000,0.889,VV#85 – Ultrawoman 11: The Origin,
skip,Ultrawoman 12 power thief.mov,,0.800,0.750,,no high-confidence title match
skip,UltraWoman 13 Hellraiser.mp4,,0.750,0.708,,no high-confidence title match
rename,Ultrawoman 14 Amzon duel.mp4,Ultrawoman 14 - Amazon Duel.mp4,0.980,0.873,VV#100 – Ultrawoman 14: Amazon Duel,
rename,Ultrawoman 15 DebtCollector.mp4,Ultrawoman 15 - Debt Collector.mp4,0.982,0.885,VV#136 – Ultrawoman 15: Debt Collector,
skip,Ultrawoman 16.mp4,,0.649,0.649,,no high-confidence title match
skip,Ultrawoman 2 the seekerAAAAAAAAAAAAA.mp4,,0.800,0.723,,no high-confidence title match
skip,Ultrawoman 3 -  Return to Active Duty SS38 (Lynda).mp4,,0.861,0.847,,ambiguous title match
skip,Ultrawoman 3.mov,,0.629,0.611,,no high-confidence title match
skip,Ultrawoman 4 - Gatecrasher Peril Edition.mp4,,0.764,0.667,,no high-confidence title match
skip,Ultrawoman 4_Gatecrasher.mp4,,0.814,0.750,,no high-confidence title match
skip,Ultrawoman 4gatecrasher.mp4,,0.793,0.697,,no high-confidence title match
skip,Ultrawoman 4gatecrasher2.mp4,,0.780,0.687,,no high-confidence title match
rename,Ultrawoman 5 De-Powered.mp4,Ultrawoman 5 - De-Powered.mp4,1.000,0.889,VV#40 – Ultrawoman 5: De-Powered,
skip,Ultrawoman 5_De-Powered_VV.mp4,Ultrawoman 5 - De-Powered.mp4,0.939,0.873,VV#40 – Ultrawoman 5: De-Powered,source missing or target exists at execution
skip,Ultrawoman 6：catching a break.mp4,,0.833,0.677,,no high-confidence title match
rename,Ultrawoman 7 Return of Wondra Peril version.mp4,Ultrawoman 7 - Return of Wondra (Peril).mp4,0.923,0.733,SS#66 – Ultrawoman 7: Return of Wondra (Peril),
rename,Ultrawoman 8 Undercover Amazon.mp4,Ultrawoman 8 - Undercover Amazon.mp4,1.000,0.909,VV#73 – Ultrawoman 8: Undercover Amazon,
skip,Ultrawoman 9._Vendetta_W.mp4,,0.698,0.696,,no high-confidence title match
skip,WhiteAngel10 VV.mp4,,0.609,0.536,,no high-confidence title match
skip,WhiteAngel11.5AAAAAAA.mp4,,0.636,0.556,,no high-confidence title match
skip,WhiteAngel11.5AAAAAAA_20251121235831.mp4,,0.636,0.556,,no high-confidence title match
skip,WhiteAngel11.mp4,,0.619,0.537,,no high-confidence title match
skip,WhiteAngel12 AAAAAA.wmv,,0.619,0.537,,no high-confidence title match
skip,WhiteAngel14 AAAAAA.mp4,,0.619,0.537,,no high-confidence title match
skip,WhiteAngel14 AAAAAA_202511220219.mp4,,0.619,0.537,,no high-confidence title match
skip,WhiteAngel15.mp4,,0.619,0.537,,no high-confidence title match
skip,WhiteAngel16 (2).mp4,,0.636,0.556,,no high-confidence title match
skip,WhiteAngel16.mp4,,0.619,0.537,,no high-confidence title match
skip,WhiteAngel17.mov,,0.696,0.537,,no high-confidence title match
skip,WhiteAngel18 B.mp4,,0.636,0.556,,no high-confidence title match
skip,WhiteAngel19.mp4,,0.619,0.537,,no high-confidence title match
skip,WhiteAngel1_.mp4,,0.650,0.560,,no high-confidence title match
skip,WhiteAngel2.wmv,,0.650,0.495,,no high-confidence title match
skip,WhiteAngel20AAAAAA.mp4,,0.619,0.537,,no high-confidence title match
skip,WhiteAngel21.mp4,,0.619,0.537,,no high-confidence title match
skip,WhiteAngel23AAAAA.mp4,,0.696,0.537,,no high-confidence title match
skip,WhiteAngel23AAAAA_20251121234334.mp4,,0.696,0.537,,no high-confidence title match
skip,WhiteAngel24.mp4,,0.619,0.537,,no high-confidence title match
skip,Whiteangel24AAAA.mp4,,0.619,0.537,,no high-confidence title match
skip,WhiteAngel25AAAAA.mp4,,0.619,0.475,,no high-confidence title match
skip,WhiteAngel26.mp4,,0.619,0.475,,no high-confidence title match
skip,WhiteAngel27.mp4,,0.696,0.475,,no high-confidence title match
skip,WhiteAngel28.mp4,,0.619,0.475,,no high-confidence title match
skip,WhiteAngel29.mp4,,0.619,0.537,,no high-confidence title match
skip,WhiteAngel2_.mp4,,0.650,0.495,,no high-confidence title match
skip,WhiteAngel3.wmv,,0.730,0.560,,no high-confidence title match
skip,WhiteAngel31.mp4,,0.696,0.537,,no high-confidence title match
skip,WhiteAngel31_.mp4,,0.696,0.537,,no high-confidence title match
skip,WhiteAngel32.mp4,,0.696,0.537,,no high-confidence title match
skip,WhiteAngel33.mp4,,0.696,0.537,,no high-confidence title match
skip,WhiteAngel34.mp4,,0.696,0.537,,no high-confidence title match
skip,WhiteAngel35AAAA.mp4,,0.696,0.537,,no high-confidence title match
skip,WhiteAngel4.wmv,,0.650,0.560,,no high-confidence title match
skip,WhiteAngel5_part_1.wmv,,0.537,0.534,,no high-confidence title match
skip,WhiteAngel5_part_2.wmv,,0.537,0.534,,no high-confidence title match
skip,WhiteAngel5_part_3.wmv,,0.600,0.534,,no high-confidence title match
skip,WhiteAngel6.mp4,,0.650,0.495,,no high-confidence title match
skip,WhiteAngel7 (2).mp4,,0.665,0.517,,no high-confidence title match
skip,WhiteAngel7.mp4,,0.730,0.495,,no high-confidence title match
skip,WhiteAngel8 AAAA.mp4,,0.650,0.495,,no high-confidence title match
skip,WhiteAngel8_goodAAAAAA.wmv,,0.650,0.495,,no high-confidence title match
skip,WhiteAngel9.5.mp4,,0.665,0.577,,no high-confidence title match
skip,WhiteAngel9.mp4,,0.650,0.560,,no high-confidence title match
skip,WhiteAngle22_AAAAAAAA.mp4,,0.692,0.625,,no high-confidence title match
skip,Wonderkick 1(Peril).mp4,,0.654,0.642,,no high-confidence title match
skip,Wonderkick 1AAAAAAAAAAAAA.mp4,,0.550,0.537,,no high-confidence title match
rename,Wonderkick 2 collector item.mp4,Wonderkick 2 - Collector's Item.mp4,0.964,0.871,VV#31 – Wonderkick 2: Collector’s Item,
rename,Wonderkick 2 Collectors Item (peril) .mp4,Wonderkick 2 - Collector's Item (Peril).mp4,0.986,0.789,SS#36 – Wonderkick 2: Collector’s Item (Peril),
rename,Wonderkick 3 Freedom Fighter.mp4,Wonderkick 3 - Freedom Fighter.mp4,1.000,0.903,VV#75 – Wonderkick 3: Freedom Fighter,
skip,Wonderous Girl The Harvest.mp4,,0.542,0.520,,no high-confidence title match
skip,wondra+12+ver+1.mp4,,0.625,0.615,,no high-confidence title match
skip,Wondra1 Fall Of A HeroineAAAAAA.mp4,,0.658,0.586,,no high-confidence title match
rename,Wondra10BerserkerRage.mp4,Wondra 10 - Berserker Rage.mp4,0.933,0.824,VV#148 – Wondra 10: Berserker Rage,
skip,Wondra12-Version3-VV.mp4,,0.634,0.548,,no high-confidence title match
skip,Wondra2 Resurrection (peril).mp4,,0.751,0.612,,no high-confidence title match
rename,Wondra3 - Mastered Peril.mp4,Wondra 3 - Mastered (Peril).mp4,0.978,0.721,SS#11 – Wondra 3: Mastered (Peril),
skip,Wondra4-turn_to_the_dark_side.wmv,,0.781,0.566,,no high-confidence title match
rename,Wondra4_-_Turning_to_Dark_Side.mp4,Wondra 4 - Turning to Dark Side (Peril).mp4,0.889,0.577,SS#18 – Wondra 4: Turning to Dark Side (Peril),
skip,Wondra4_Turning_to_dark_side.mp4,Wondra 4 - Turning to Dark Side (Peril).mp4,0.889,0.577,SS#18 – Wondra 4: Turning to Dark Side (Peril),source missing or target exists at execution
skip,Wondra5 payback.mp4,,0.606,0.500,,no high-confidence title match
skip,Wondra5.mov,,0.600,0.600,,no high-confidence title match
skip,Wondra6-Entrapment_good.mp4,,0.643,0.571,,no high-confidence title match
rename,Wondra7_Losing_Face_Peril.mp4,Wondra 7 - Losing Face (Peril).mp4,0.980,0.633,SS#122- Wondra 7: Losing Face (Peril),
rename,Wondra8 Psych out.mp4,Wondra 8 - Psych Out.mp4,0.971,0.545,SS#145 – Wondra 8: Psych Out,
skip,Wondra9Extreme.mp4,,0.581,0.541,,no high-confidence title match
